erin@bonanzaag.com|erin@bonanzaag.com|Erin|Prochnow|BONANZA AGRONOMY SERVICES INC|1735951
llee@scrtc.com|llee@scrtc.com|Laura|Grimes|CHRIS GRIMES|1100500
mffinc@frontier.com|mffinc@frontier.com|David|Marvel|MARVEL FAMILY FARM|1149851
mjmathe@mtu.edu|mjmathe@mtu.edu|Mark|Mathe|MARK & SARAH MATHE|1716197
shannon_tranbarger@yahoo.com|shannon_tranbarger@yahoo.com|Tad|Tranbarger|TAD TRANBARGER|1699716
STAMPINGAL@RURALTEL.NET|STAMPINGAL@RURALTEL.NET|Leslie|Simon|LES SIMON|1336914
